， 	 5951
我 	 2795
了 	 2449
。 	 2302
" 	 1944
的 	 1769
： 	 955
他 	 934
说 	 917
一 	 850
着 	 849
在 	 745
是 	 743
就 	 697
不 	 649
她 	 548
家珍 	 540
也 	 518
都 	 487
凤霞 	 456
有 	 419
去 	 404
你 	 399
看 	 358
走 	 326
到 	 322
把 	 312
上 	 301
得 	 294
地 	 275
又 	 273
我们 	 266
还 	 265
没 	 261
和 	 260
对 	 257
个 	 255
那 	 239
人 	 234
想 	 216
来 	 216
里 	 207
知道 	 202
两 	 200
这 	 199
二 	 195
时 	 190
要 	 186
看到 	 184
？ 	 184
自己 	 180
起来 	 177
爹 	 177
让 	 175
队长 	 166
一个 	 162
喜 	 162
会 	 161
过 	 161
给 	 152
叫 	 151
后 	 149
他们 	 148
什么 	 147
庆 	 145
笑 	 141
娘 	 134
几 	 129
出来 	 129
问 	 127
哭 	 123
春生 	 121
死 	 120
孩子 	 119
苦根 	 118
没有 	 117
吧 	 117
才 	 116
天 	 114
吃 	 112
听 	 111
好 	 109
心里 	 107
喊 	 107
站 	 106
坐 	 104
往 	 104
再 	 103
被 	 102
眼睛 	 100
能 	 100
多 	 99
福贵 	 98
看看 	 97
有庆 	 97
大 	 95
从 	 90
手 	 90
就是 	 89
像 	 87
脑袋 	 87
回来 	 87
这么 	 85
怎么 	 83
只 	 82
可 	 81
城里 	 81
还是 	 81
过去 	 80
啦 	 78
村里 	 75
一样 	 74
出 	 74
这样 	 73
下来 	 73
头 	 73
打 	 73
跑 	 73
快 	 73
过来 	 72
拿 	 70
全 	 70
身体 	 69
小 	 69
听到 	 67
女人 	 67
家里 	 67
儿子 	 66
拉 	 66
声 	 66
家 	 65
向 	 63
谁 	 63
活 	 62
次 	 62
地上 	 62
跟 	 61
觉得 	 61
眼泪 	 61
很 	 60
高兴 	 60
干 	 59
别 	 59
下 	 58
个人 	 57
不是 	 57
下去 	 57
羊 	 57
用 	 56
衣服 	 56
放 	 54
老 	 54
牛 	 54
床 	 54
越 	 54
时候 	 53
钱 	 53
那天 	 53
干活 	 50
那里 	 50
走到 	 50
睡 	 50
做 	 50
啊 	 50
见 	 50
脸 	 49
龙 	 49
出去 	 49
三 	 48
条 	 47
起 	 47
事 	 46
以后 	 46
像是 	 46
声音 	 46
说话 	 46
它 	 45
先生 	 45
连长 	 45
医生 	 45
后来 	 44
该 	 44
日子 	 44
些 	 44
前 	 43
那个 	 43
村里人 	 43
你们 	 43
地方 	 42
一下 	 42
等 	 42
将 	 41
只是 	 41
我家 	 41
回家 	 41
一点 	 41
二喜 	 40
回去 	 40
买 	 40
腿 	 39
一起 	 39
动 	 39
回到 	 39
田里 	 38
丈人 	 38
累 	 38
里面 	 37
这里 	 37
赶紧 	 37
呀 	 37
有些 	 37
月 	 37
掉 	 37
告诉 	 36
便 	 36
比 	 36
那时候 	 36
人家 	 36
力气 	 36
病 	 36
老全 	 36
只有 	 35
躺 	 35
想想 	 35
别人 	 35
送 	 35
老师 	 35
长 	 34
年 	 34
老人 	 34
提 	 34
脚 	 34
找 	 34
穿 	 34
上去 	 34
她们 	 33
抬 	 33
吗 	 33
一直 	 32
十 	 32
朝 	 32
连 	 32
这话 	 32
身上 	 32
呢 	 32
那么 	 32
一会 	 32
龙二 	 32
先 	 31
晚上 	 31
怕 	 31
进去 	 31
五 	 31
当 	 30
一些 	 30
话 	 30
四 	 30
长根 	 30
心想 	 30
答应 	 30
真 	 30
进城 	 30
颗 	 30
王 	 30
已经 	 29
的话 	 29
岁 	 29
喝 	 29
常 	 29
脸上 	 29
住 	 29
村口 	 29
肩膀 	 29
有人 	 29
一块 	 29
疼 	 29
这个 	 28
这是 	 28
男人 	 28
最 	 28
年纪 	 28
亩 	 28
张 	 28
割 	 28
抱 	 28
、 	 27
突然 	 27
还有 	 27
黑 	 27
步 	 27
总 	 27
嘴 	 27
上学 	 27
只要 	 27
苦 	 27
跳 	 26
这时 	 26
每天 	 26
以为 	 26
道 	 26
那时 	 26
一阵 	 26
太 	 25
屁股 	 25
屋里 	 25
背 	 25
蹲 	 25
跟着 	 25
要是 	 25
胳膊 	 25
门口 	 25
脖子 	 25
锅 	 25
医院 	 25
田埂 	 24
似的 	 24
上面 	 24
根 	 24
使劲 	 24
想到 	 24
屋子 	 24
难受 	 24
坑道 	 24
开始 	 23
吓 	 23
后面 	 23
马上 	 23
米 	 23
外面 	 23
沈 	 23
越来越 	 23
煮 	 23
更 	 22
现在 	 22
其实 	 22
替 	 22
带 	 22
样子 	 22
抢 	 22
摸 	 22
挑 	 22
响 	 22
很多 	 21
水 	 21
那些 	 21
口 	 21
差不多 	 21
说道 	 21
背着 	 21
开 	 21
当时 	 21
敢 	 21
一下子 	 21
输 	 21
旁边 	 21
路 	 21
低 	 21
锄头 	 21
命 	 21
进 	 20
上来 	 20
双手 	 20
头发 	 20
手里 	 20
口袋 	 20
半 	 20
实在 	 20
不住 	 20
完 	 20
扭 	 20
模样 	 20
第二 	 20
茅屋 	 20
跑到 	 20
年轻人 	 20
鞋 	 20
大伙 	 20
现实 	 19
满 	 19
伸手 	 19
前面 	 19
另 	 19
不要 	 19
别的 	 19
堆 	 19
刚 	 19
摇 	 19
真是 	 19
心疼 	 19
摇摇 	 19
进来 	 19
跟前 	 19
镰刀 	 19
心 	 19
草 	 19
钢铁 	 19
可是 	 18
年轻 	 18
喜欢 	 18
哪 	 18
流 	 18
倒 	 18
一旁 	 18
嘴里 	 18
最后 	 18
碗 	 18
扶 	 18
呜呜 	 18
姐姐 	 18
睡着 	 18
爬 	 18
学校 	 18
县长 	 18
只能 	 17
段 	 17
句 	 17
放下 	 17
娶 	 17
多少 	 17
哆嗦 	 17
好好 	 17
拍拍 	 17
就要 	 17
气 	 17
坐下 	 17
歪 	 17
久 	 17
抽 	 17
倒是 	 16
正 	 16
乱 	 16
树 	 16
中午 	 16
擦 	 16
半晌 	 16
慢慢 	 16
副 	 16
片 	 16
嘻嘻 	 16
胸口 	 16
远 	 16
成 	 16
亮 	 16
转 	 16
女 	 16
腰 	 16
算 	 16
穷 	 16
贴 	 16
揍 	 16
血 	 16
东西 	 16
放心 	 16
求 	 16
往后 	 16
稻子 	 16
解放军 	 16
地瓜 	 16
为 	 15
来到 	 15
常常 	 15
总是 	 15
穿着 	 15
嘴巴 	 15
偷偷 	 15
当初 	 15
这些 	 15
正在 	 15
少爷 	 15
赌 	 15
推 	 15
嘿嘿 	 15
第一 	 15
身 	 15
直 	 15
好在 	 15
地里 	 15
今天 	 15
骂 	 15
领 	 15
只好 	 15
算是 	 15
肉 	 15
生 	 15
仆人 	 15
饿 	 15
这才 	 15
念书 	 15
体育 	 15
却 	 14
中间 	 14
见到 	 14
一头 	 14
块 	 14
行 	 14
点点头 	 14
边 	 14
女儿 	 14
点 	 14
下面 	 14
起先 	 14
靠 	 14
那样 	 14
换 	 14
干什么 	 14
踢 	 14
扔 	 14
接 	 14
这下 	 14
床上 	 14
抖 	 14
担子 	 14
离开 	 14
吃饭 	 14
凳子 	 14
下地 	 14
长官 	 14
大饼 	 14
食堂 	 14
新娘 	 14
板车 	 14
作家 	 13
不停 	 13
中 	 13
怪 	 13
傍晚 	 13
身后 	 13
池塘 	 13
一家 	 13
桶 	 13
棵 	 13
盖 	 13
闭 	 13
吹 	 13
徐家 	 13
走路 	 13
整天 	 13
大声 	 13
扛 	 13
请 	 13
赢 	 13
天天 	 13
双 	 13
跪 	 13
少 	 13
走开 	 13
好几 	 13
往下 	 13
一动不动 	 13
扑 	 13
从前 	 13
养 	 13
变成 	 13
一大 	 13
救 	 13
急 	 13
新 	 13
屋顶 	 13
卖 	 13
谁知 	 13
位 	 12
明白 	 12
而 	 12
然后 	 12
走来 	 12
身旁 	 12
靠着 	 12
睡觉 	 12
它们 	 12
佃户 	 12
风 	 12
长大 	 12
可不 	 12
早晨 	 12
捏住 	 12
国军 	 12
呼哧 	 12
玩 	 12
帮 	 12
愿意 	 12
谁家 	 12
哪里 	 12
指 	 12
说完 	 12
不知 	 12
跑来 	 12
红 	 12
呆 	 12
呼呼 	 12
穿上 	 12
拉住 	 12
枪 	 12
打仗 	 12
粮食 	 12
埋 	 12
烧 	 12
户 	 12
羊棚 	 12
翘 	 12
使 	 11
那种 	 11
阳光 	 11
每次 	 11
女婿 	 11
可能 	 11
名字 	 11
旁 	 11
那边 	 11
抹 	 11
分 	 11
青楼 	 11
准备 	 11
轿子 	 11
咧 	 11
骰子 	 11
白 	 11
袖管 	 11
巴掌 	 11
一半 	 11
忘 	 11
伸 	 11
路上 	 11
徐 	 11
进屋 	 11
鼻子 	 11
破 	 11
摸摸 	 11
踏实 	 11
摇头 	 11
睁 	 11
坏 	 11
回过头 	 11
枪炮声 	 11
轻 	 11
伤号 	 11
雪 	 11
冲 	 11
茅草 	 11
汽油桶 	 11
偏头 	 11
要不 	 10
找到 	 10
活着 	 10
毛巾 	 10
自然 	 10
遇到 	 10
手指 	 10
低头 	 10
城里人 	 10
绸衣 	 10
粪缸 	 10
为了 	 10
肚子 	 10
拖 	 10
夜里 	 10
这辈子 	 10
菜 	 10
不说 	 10
办法 	 10
着手 	 10
外 	 10
瘦 	 10
干净 	 10
敲 	 10
拼命 	 10
歇 	 10
亲热 	 10
饭 	 10
没事 	 10
轻声 	 10
有时 	 10
宽慰 	 10
转身 	 10
树枝 	 10
篮子 	 10
商量 	 10
件 	 10
大炮 	 10
两头 	 10
喂 	 10
子弹 	 10
死人 	 10
可怜 	 10
糊涂 	 10
要不是 	 10
不行 	 10
粥 	 10
豆子 	 10
内心 	 9
时间 	 9
为什么 	 9
身边 	 9
下午 	 9
屋 	 9
挂 	 9
挖 	 9
立刻 	 9
随后 	 9
棉花 	 9
这位 	 9
老牛 	 9
道理 	 9
一眼 	 9
讲述 	 9
老爷 	 9
米行 	 9
赌博 	 9
祖宗 	 9
硬 	 9
圈 	 9
脱 	 9
老子 	 9
妓女 	 9
点头 	 9
傻 	 9
端 	 9
墙上 	 9
小子 	 9
可以 	 9
摆摆 	 9
一阵子 	 9
害怕 	 9
一会儿 	 9
宰 	 9
连连 	 9
畜生 	 9
原先 	 9
耳朵 	 9
王喜 	 9
先前 	 9
出事 	 9
陪 	 9
如今 	 9
砸 	 9
学 	 9
天黑 	 9
湿 	 9
送给 	 9
一遍遍 	 9
队 	 9
石子 	 9
打听 	 9
排 	 9
背脊 	 9
躺下 	 9
眨 	 9
嗯 	 9
肯 	 9
公社 	 9
晒场 	 9
风水 	 9
伤心 	 9
糖 	 9
王四 	 9
因为 	 8
紧张 	 8
变 	 8
与 	 8
门槛 	 8
到处 	 8
清楚 	 8
压 	 8
包 	 8
摔 	 8
鸡 	 8
往前 	 8
凑 	 8
走走 	 8
都会 	 8
做人 	 8
完全 	 8
以前 	 8
留 	 8
火 	 8
回 	 8
银元 	 8
站住 	 8
嘴唇 	 8
面前 	 8
酒 	 8
挺 	 8
从没 	 8
光 	 8
带来 	 8
听说 	 8
七 	 8
轮到 	 8
不管 	 8
抓 	 8
头晕 	 8
挥挥 	 8
剩下 	 8
重 	 8
这次 	 8
重新 	 8
完蛋 	 8
咚咚 	 8
爹娘 	 8
裤子 	 8
急忙 	 8
不怕 	 8
挤 	 8
挥 	 8
回头 	 8
抓住 	 8
养活 	 8
田 	 8
还要 	 8
一家人 	 8
这种 	 8
来看 	 8
认 	 8
推推 	 8
手枪 	 8
逃跑 	 8
棺材 	 8
软 	 8
冷 	 8
继续 	 8
看来 	 8
睁开 	 8
忍 	 8
遍 	 8
吓唬 	 8
牵 	 8
抱住 	 8
什么的 	 8
围 	 8
间 	 8
早就 	 8
庆死 	 8
出嫁 	 8
红卫兵 	 8
所有 	 7
死去 	 7
唱 	 7
走近 	 7
女孩 	 7
竹竿 	 7
低下 	 7
远处 	 7
耕田 	 7
哗哗 	 7
接着 	 7
时常 	 7
拉屎 	 7
爷爷 	 7
铜钱 	 7
念 	 7
私塾 	 7
你家 	 7
呵 	 7
雇工 	 7
钻 	 7
光耀 	 7
轻轻 	 7
挣 	 7
布鞋 	 7
咳嗽 	 7
袋 	 7
看上去 	 7
手脚 	 7
酸 	 7
那年 	 7
吃完 	 7
沉 	 7
皱 	 7
收 	 7
桌子 	 7
挨 	 7
往回 	 7
倒霉 	 7
留下 	 7
早 	 7
怎么办 	 7
四周 	 7
青 	 7
我娘 	 7
不用 	 7
忙 	 7
包裹 	 7
受 	 7
弯 	 7
口气 	 7
照 	 7
野菜 	 7
舍不得 	 7
吊 	 7
反倒 	 7
拦 	 7
理 	 7
本来 	 7
打死 	 7
认识 	 7
大米 	 7
多久 	 7
难 	 7
跑去 	 7
哇哇 	 7
俘虏 	 7
二十 	 7
儿女 	 7
办 	 7
人民公社 	 7
胖子 	 7
煮成 	 7
熬 	 7
县里 	 7
斤 	 7
刘 	 7
毛 	 7
毛衣 	 7
标语 	 7
摘 	 7
写作 	 6
年前 	 6
这时候 	 6
作品 	 6
层 	 6
应该 	 6
塞 	 6
感到 	 6
事物 	 6
所 	 6
飞 	 6
麻雀 	 6
守 	 6
戴 	 6
弄 	 6
仿佛 	 6
响亮 	 6
房屋 	 6
脸蛋 	 6
青草 	 6
树叶 	 6
吆喝 	 6
耕 	 6
刚才 	 6
骗 	 6
出门 	 6
爱 	 6
牲畜 	 6
叫唤 	 6
几十 	 6
一百多 	 6
有钱人 	 6
四十 	 6
长衫 	 6
骑 	 6
特别 	 6
不过 	 6
折腾 	 6
剩 	 6
裤裆 	 6
馒头 	 6
完了 	 6
竟然 	 6
当然 	 6
一辈子 	 6
这天 	 6
底下 	 6
意思 	 6
往城 	 6
牌 	 6
赊帐 	 6
坑 	 6
等到 	 6
喘 	 6
额头 	 6
桌上 	 6
坐在 	 6
扯 	 6
滚 	 6
汪汪 	 6
旗袍 	 6
走去 	 6
慢 	 6
拍 	 6
输光 	 6
连声 	 6
家产 	 6
街上 	 6
债 	 6
工夫 	 6
劝 	 6
信 	 6
躲 	 6
叹息 	 6
睁圆 	 6
差点 	 6
要饭 	 6
哪儿 	 6
不见 	 6
一句话 	 6
说到 	 6
搬到 	 6
收拾 	 6
小脚 	 6
交待 	 6
扭头 	 6
忘记 	 6
许多 	 6
稻草 	 6
角 	 6
坟 	 6
花 	 6
泥 	 6
缺 	 6
按 	 6
来说 	 6
相信 	 6
怀里 	 6
哪个 	 6
小孩 	 6
县 	 6
门 	 6
站在 	 6
仗 	 6
闲 	 6
飞机 	 6
上都 	 6
米饭 	 6
丢 	 6
着呢 	 6
担架 	 6
雪花 	 6
真的 	 6
肯定 	 6
觉 	 6
拚命 	 6
毙掉 	 6
慌 	 6
水里 	 6
做娘 	 6
抬起 	 6
对着 	 6
晚 	 6
那样子 	 6
在家 	 6
自留地 	 6
咬 	 6
饭菜 	 6
煮烂 	 6
珍病 	 6
汗 	 6
手势 	 6
指指 	 6
收工 	 6
教室 	 6
校长 	 6
跑步 	 6
说说 	 6
屋外 	 6
埋掉 	 6
放开 	 6
嫁 	 6
蚊子 	 6
新郎 	 6
织 	 6
面条 	 6
关系 	 5
紧紧 	 5
虽然 	 5
精神 	 5
那位 	 5
最多 	 5
支 	 5
盐 	 5
喊叫 	 5
泥巴 	 5
土地 	 5
露出 	 5
刚刚 	 5
已 	 5
取 	 5
树荫 	 5
撑 	 5
传来 	 5
近 	 5
狗 	 5
田地 	 5
招 	 5
走来走去 	 5
声响 	 5
走出 	 5
败家子 	 5
醒来 	 5
六 	 5
难看 	 5
跨 	 5
几下 	 5
算了 	 5
右手 	 5
哄 	 5
路过 	 5
风光 	 5
热闹 	 5
斜 	 5
蒋介石 	 5
一个劲 	 5
乱糟糟 	 5
笑盈盈 	 5
管 	 5
猫 	 5
干脆 	 5
解放 	 5
垂 	 5
定 	 5
空 	 5
伙伴 	 5
把手 	 5
根本 	 5
一个个 	 5
好的 	 5
学生 	 5
漂亮 	 5
眼看 	 5
递给 	 5
反正 	 5
半年 	 5
笑眯眯 	 5
苦笑 	 5
缩 	 5
一边 	 5
房间 	 5
胸前 	 5
明天 	 5
肩上 	 5
偏 	 5
嗡嗡 	 5
灶间 	 5
往常 	 5
鹅 	 5
末了 	 5
翻 	 5
锣鼓 	 5
显得 	 5
借 	 5
铺子 	 5
想来 	 5
搁 	 5
一手 	 5
指望 	 5
租 	 5
往上 	 5
治 	 5
旧 	 5
来月 	 5
拄 	 5
由 	 5
擦擦 	 5
够 	 5
悄悄 	 5
越是 	 5
定定 	 5
开口 	 5
抱到 	 5
担心 	 5
街 	 5
太爷 	 5
打架 	 5
国民党 	 5
老兵 	 5
逃 	 5
部队 	 5
长江 	 5
挨着 	 5
包围 	 5
杀 	 5
掘 	 5
骨头 	 5
柴 	 5
分开 	 5
满脸 	 5
通红 	 5
伤 	 5
蹬 	 5
捡 	 5
随便 	 5
受不了 	 5
抬头 	 5
集合 	 5
饿死 	 5
总算 	 5
哑 	 5
聪明 	 5
点着 	 5
疼爱 	 5
勤快 	 5
埋怨 	 5
低声 	 5
书包 	 5
飞快 	 5
脚丫 	 5
做爹 	 5
孙头 	 5
雨 	 5
凉 	 5
工分 	 5
绳子 	 5
争 	 5
卖给 	 5
产房 	 5
抽血 	 5
主席 	 5
香烟 	 5
邻居 	 5
手臂 	 5
水泥板 	 5
真正 	 4
真实 	 4
高尚 	 4
世界 	 4
敞开 	 4
才能 	 4
发现 	 4
之中 	 4
曾经 	 4
闪闪 	 4
充满 	 4
怎样 	 4
一切 	 4
《 	 4
》 	 4
经历 	 4
夏天 	 4
田野 	 4
茶水 	 4
泼 	 4
尘土 	 4
草帽 	 4
整日 	 4
村庄 	 4
仰 	 4
哭声 	 4
庄稼 	 4
黝黑 	 4
眼前 	 4
群 	 4
不时 	 4
和尚 	 4
犁 	 4
出现 	 4
-- 	 4
皇帝 	 4
； 	 4
回答 	 4
招手 	 4
泥土 	 4
鞋子 	 4
嫁给 	 4
孽子 	 4
从来 	 4
舒坦 	 4
撞 	 4
凭 	 4
好端端 	 4
再说 	 4
手上 	 4
好事 	 4
嘛 	 4
怀着 	 4
自从 	 4
一百 	 4
平常 	 4
凶 	 4
份 	 4
捏 	 4
插 	 4
左边 	 4
夜 	 4
叫醒 	 4
两旁 	 4
白天 	 4
逼 	 4
站住脚 	 4
过分 	 4
家中 	 4
在意 	 4
椅子 	 4
老实 	 4
每 	 4
难怪 	 4
赌注 	 4
跑堂 	 4
发 	 4
Ａ 	 4
怔 	 4
微笑 	 4
天都 	 4
眯缝 	 4
惨 	 4
不快 	 4
掷 	 4
脸色 	 4
吼 	 4
摇晃 	 4
捂 	 4
墙壁 	 4
天亮 	 4
冒 	 4
擦脸 	 4
付 	 4
七点 	 4
伸出 	 4
熟人 	 4
这样子 	 4
小路 	 4
吊死 	 4
走过 	 4
法子 	 4
惊 	 4
张嘴 	 4
床沿 	 4
还债 	 4
房子 	 4
粗布 	 4
担 	 4
茶 	 4
采 	 4
磨 	 4
累死 	 4
天快 	 4
直到 	 4
烧火 	 4
做饭 	 4
指头 	 4
顿 	 4
结实 	 4
石头 	 4
硌 	 4
舒服 	 4
...... 	 4
摔倒 	 4
娶亲 	 4
气冲冲 	 4
冲着 	 4
去向 	 4
可怜巴巴 	 4
胸膛 	 4
姿态 	 4
到头来 	 4
主意 	 4
地主 	 4
滋味 	 4
俗话说 	 4
砍 	 4
时时 	 4
老是 	 4
迎 	 4
龙老爷 	 4
飞来飞去 	 4
掉到 	 4
弟弟 	 4
好日子 	 4
清 	 4
味道 	 4
松 	 4
没完没了 	 4
拉到 	 4
花钱 	 4
叠 	 4
整整齐齐 	 4
破烂 	 4
干干净净 	 4
黄 	 4
大兵 	 4
壮丁 	 4
缰绳 	 4
搓 	 4
离家 	 4
结果 	 4
一阵阵 	 4
满地 	 4
吸 	 4
嘻嘻哈哈 	 4
欠 	 4
不怎么 	 4
蒋 	 4
委员长 	 4
扔下 	 4
空地 	 4
铺 	 4
胶鞋 	 4
炮弹 	 4
没多久 	 4
全身 	 4
对准 	 4
横 	 4
押 	 4
口水 	 4
二十多 	 4
盘缠 	 4
吓住 	 4
认出 	 4
暖和 	 4
分到 	 4
送到 	 4
邻村 	 4
虽说 	 4
命苦 	 4
男 	 4
领走 	 4
发火 	 4
门后 	 4
扫帚 	 4
这儿 	 4
庆好 	 4
篮 	 4
满满 	 4
羊粪 	 4
人民 	 4
排队 	 4
扁担 	 4
门前 	 4
缝 	 4
想起 	 4
木盖 	 4
歇一会 	 4
坐到 	 4
吃光 	 4
嗓子 	 4
底 	 4
好些 	 4
拿到 	 4
挨个 	 4
骂人 	 4
同学 	 4
在手 	 4
数 	 4
饱 	 4
泪水 	 4
平日 	 4
生气 	 4
好多 	 4
验血 	 4
心跳 	 4
中山服 	 4
村 	 4
挣钱 	 4
笑笑 	 4
心眼 	 4
笑话 	 4
万二 	 4
猪头 	 4
车上 	 4
焦急 	 4
扫 	 4
邻居家 	 4
大字报 	 4
走资派 	 4
了解 	 3
一旦 	 3
光芒 	 3
成为 	 3
能够 	 3
愤怒 	 3
这不 	 3
生活 	 3
难以 	 3
表达 	 3
之 	 3
丑恶 	 3
美好 	 3
一生 	 3
描写 	 3
同时 	 3
态度 	 3
渐渐 	 3
家人 	 3
深深 	 3
乡间 	 3
歌谣 	 3
如同 	 3
游荡 	 3
拿起 	 3
递 	 3
扇子 	 3
呵欠 	 3
田间 	 3
小道 	 3
哒 	 3
十分 	 3
打成 	 3
裤管 	 3
为何 	 3
准 	 3
赤裸 	 3
农忙 	 3
慌张 	 3
挡住 	 3
望 	 3
如此 	 3
卷起 	 3
在一起 	 3
强壮 	 3
季节 	 3
茂盛 	 3
汗水 	 3
小时 	 3
似乎 	 3
嗓音 	 3
犹如 	 3
是的 	 3
得意 	 3
究竟 	 3
训斥 	 3
镶 	 3
一身 	 3
颜色 	 3
慢吞吞 	 3
容易 	 3
烟囱 	 3
老板 	 3
本 	 3
放学 	 3
弯腰 	 3
白色 	 3
妓院 	 3
轻松 	 3
方便 	 3
有气无力 	 3
唉声叹气 	 3
夹 	 3
嫌弃 	 3
从不 	 3
左手 	 3
墙角 	 3
里屋 	 3
请安 	 3
扇 	 3
心肠 	 3
灌 	 3
大家 	 3
扯住 	 3
有一天 	 3
样 	 3
摆 	 3
各 	 3
吃到 	 3
大小 	 3
不只 	 3
门缝 	 3
偷 	 3
债主 	 3
算计 	 3
选 	 3
滑 	 3
托 	 3
擦手 	 3
二一 	 3
黑桃 	 3
一声不吭 	 3
对面 	 3
兄弟 	 3
栽 	 3
捧 	 3
乌龟 	 3
王八蛋 	 3
打到 	 3
煤油灯 	 3
印 	 3
一路上 	 3
场 	 3
连着 	 3
唾沫 	 3
洗 	 3
日后 	 3
呆呆 	 3
胆量 	 3
竟 	 3
捅 	 3
人影 	 3
发麻 	 3
强 	 3
吓坏 	 3
推开 	 3
嫌 	 3
护 	 3
发虚 	 3
摸到 	 3
一早 	 3
起床 	 3
南瓜 	 3
皱眉 	 3
省事 	 3
壶 	 3
皮肉 	 3
小时候 	 3
到家 	 3
受苦 	 3
小姐 	 3
弓 	 3
这就 	 3
小鸡 	 3
金牙 	 3
代 	 3
搬 	 3
扔到 	 3
奶奶 	 3
熟 	 3
不理 	 3
小心 	 3
碰 	 3
爹死 	 3
花轿 	 3
喜事 	 3
锣鼓声 	 3
响声 	 3
行行 	 3
留给 	 3
挥手 	 3
格格 	 3
确实 	 3
膝盖 	 3
举起 	 3
记得 	 3
恨 	 3
错 	 3
挎 	 3
过日子 	 3
对娘 	 3
神气 	 3
落地 	 3
顾不上 	 3
月光 	 3
朵 	 3
举 	 3
出血 	 3
堵住 	 3
治病 	 3
那儿 	 3
布 	 3
那阵子 	 3
自在 	 3
嘱咐 	 3
之前 	 3
帮手 	 3
扎 	 3
免得 	 3
稻穗 	 3
姓 	 3
催 	 3
补 	 3
庆放 	 3
珍身 	 3
水红 	 3
水田 	 3
醒 	 3
郎中 	 3
褥子 	 3
换上 	 3
很快 	 3
敲门 	 3
公子 	 3
打扮 	 3
啃 	 3
拳 	 3
停住 	 3
没用 	 3
抽出 	 3
瞄准 	 3
扑通 	 3
远远 	 3
命令 	 3
除了 	 3
光秃秃 	 3
神 	 3
全都 	 3
抢到 	 3
分散 	 3
树木 	 3
拆 	 3
情形 	 3
满头大汗 	 3
嗷 	 3
窜 	 3
八 	 3
张望 	 3
狠狠 	 3
紧 	 3
不远处 	 3
几千 	 3
断 	 3
串 	 3
天一 	 3
下起 	 3
怕人 	 3
盼 	 3
不成 	 3
捂住 	 3
半夜 	 3
飘来飘去 	 3
昨天 	 3
烫 	 3
沙沙 	 3
西 	 3
绑 	 3
雪地 	 3
混 	 3
舔 	 3
死活 	 3
悬 	 3
南 	 3
讲 	 3
毙 	 3
团长 	 3
还给 	 3
一路 	 3
家里人 	 3
离 	 3
没准 	 3
每年 	 3
耷拉 	 3
沾 	 3
肚皮 	 3
聋 	 3
十二 	 3
小学 	 3
庆去 	 3
说起 	 3
送人 	 3
不能不 	 3
总得 	 3
侍候 	 3
屁 	 3
亲 	 3
松开 	 3
稍稍 	 3
庆走 	 3
背起 	 3
好过 	 3
屋门 	 3
十来 	 3
肥田 	 3
新鲜 	 3
整齐 	 3
归 	 3
挨家挨户 	 3
砸烂 	 3
上午 	 3
派 	 3
饭碗 	 3
棚里 	 3
草倒 	 3
好说 	 3
家门口 	 3
改日 	 3
一口气 	 3
浇 	 3
油 	 3
架 	 3
硬梆梆 	 3
红旗 	 3
试 	 3
拖累 	 3
左 	 3
右 	 3
懂事 	 3
咩咩 	 3
边上 	 3
七上八下 	 3
各家 	 3
能干 	 3
重活 	 3
弄错 	 3
字 	 3
退学 	 3
不和 	 3
不好意思 	 3
比赛 	 3
年级 	 3
伙 	 3
背到 	 3
神气活现 	 3
涨 	 3
放进 	 3
拿出 	 3
夸 	 3
记住 	 3
卖掉 	 3
宰羊 	 3
掏 	 3
不够 	 3
填 	 3
委屈 	 3
香 	 3
赶走 	 3
眼下 	 3
操心 	 3
婆家 	 3
后事 	 3
不对 	 3
快死 	 3
下辈子 	 3
庆坟 	 3
搬运 	 3
捆 	 3
开会 	 3
床边 	 3
脉搏 	 3
服侍 	 3
文化大革命 	 3
闹 	 3
哨子 	 3
来时 	 3
看呆 	 3
欺负 	 3
收作 	 3
圆 	 3
干部 	 3
瓶 	 3
花布 	 3
小方桌 	 3
别人家 	 3
二喜家 	 3
毛线 	 3
伸直 	 3
飘 	 3
欺压 	 3
想通 	 3
嘻 	 3
嘻笑 	 3
厉害 	 3
十多 	 3
背兜 	 3
尿布 	 3
鸡蛋 	 3
有时候 	 3
元 	 3
赤膊 	 3
召唤 	 3
原则 	 2
痛苦 	 2
于是 	 2
于 	 2
想象 	 2
自我 	 2
无法 	 2
实实在在 	 2
任何 	 2
此 	 2
几乎 	 2
处于 	 2
笔下 	 2
遥远 	 2
状态 	 2
发亮 	 2
理解 	 2
令 	 2
承受 	 2
同情 	 2
情绪 	 2
最为 	 2
成功 	 2
美国 	 2
斤斤计较 	 2
以 	 2
看待 	 2
真理 	 2
种 	 2
展示 	 2
之后 	 2
目光 	 2
首 	 2
黑奴 	 2
苦难 	 2
依然 	 2
写下 	 2
篇 	 2
之外 	 2
收集 	 2
整个 	 2
农民 	 2
废话 	 2
姑娘 	 2
聊 	 2
整整 	 2
草鞋 	 2
夕阳 	 2
树梢 	 2
照射 	 2
拖鞋 	 2
皮带 	 2
张大 	 2
过时 	 2
哪些 	 2
酸曲 	 2
全部 	 2
兴趣 	 2
鼻青眼肿 	 2
变得 	 2
激动 	 2
手电 	 2
大腿 	 2
离去 	 2
神色 	 2
耗子 	 2
差一点 	 2
照看 	 2
十六七 	 2
光脚 	 2
草丛 	 2
如何 	 2
外出 	 2
如 	 2
收起 	 2
头巾 	 2
泛黄 	 2
树干 	 2
面对 	 2
紧接着 	 2
准确 	 2
水边 	 2
吆喝声 	 2
开导 	 2
犁田 	 2
疲倦 	 2
不满 	 2
有的 	 2
般地 	 2
脊背 	 2
牛背 	 2
生命 	 2
粗哑 	 2
令人感动 	 2
长长的 	 2
愿 	 2
偷懒 	 2
竟会 	 2
田边 	 2
上下 	 2
噢 	 2
把头 	 2
果然 	 2
皱纹 	 2
田产 	 2
握住 	 2
穷人 	 2
屋去 	 2
抬脚 	 2
踩 	 2
鸟爪 	 2
家境 	 2
有钱 	 2
出生 	 2
书 	 2
二流子 	 2
从小 	 2
不可救药 	 2
香火 	 2
颠 	 2
做出 	 2
丝绸 	 2
衣衫 	 2
整夜 	 2
叽叽喳喳 	 2
听上去 	 2
免不了 	 2
撒尿 	 2
股 	 2
犯愁 	 2
非 	 2
祖上 	 2
两百 	 2
吃吃 	 2
撇 	 2
糟蹋 	 2
鬼混 	 2
喜爱 	 2
晃来晃去 	 2
一动一动 	 2
经常 	 2
匹 	 2
陈 	 2
经过 	 2
揪住 	 2
致礼 	 2
店门 	 2
呼地 	 2
礼 	 2
嚷嚷 	 2
日本 	 2
投降 	 2
街道 	 2
两旁站 	 2
伙计 	 2
胖 	 2
嘟嘟哝哝 	 2
城门 	 2
雷公 	 2
站好 	 2
哄笑 	 2
骂道 	 2
近前 	 2
沙哑 	 2
吠 	 2
胡闹 	 2
打鼓 	 2
相同 	 2
猪肉 	 2
愣 	 2
点子 	 2
敲打 	 2
偏偏 	 2
九 	 2
输掉 	 2
当场 	 2
没钱 	 2
提醒 	 2
赢家 	 2
角落 	 2
慢悠悠 	 2
位置 	 2
唰唰 	 2
进进出出 	 2
练成 	 2
精彩 	 2
挤满 	 2
稀奇 	 2
骂骂咧咧 	 2
盘子 	 2
每个 	 2
黑桃Ａ 	 2
二成 	 2
和龙 	 2
手气 	 2
点数 	 2
伸进 	 2
洗洗 	 2
二嘿嘿 	 2
怒气 	 2
大雨 	 2
坑坑洼洼 	 2
早上 	 2
盏 	 2
下雨 	 2
鞋匠 	 2
烂 	 2
正要 	 2
挡 	 2
热 	 2
二时 	 2
手掌 	 2
水银 	 2
抓起 	 2
脑袋嗡 	 2
机会 	 2
打完 	 2
一五一十 	 2
祖辈 	 2
瞧 	 2
走远 	 2
走动 	 2
吐 	 2
迷迷糊糊 	 2
城外 	 2
裤带 	 2
榆树 	 2
揍死 	 2
惊叫 	 2
脸问 	 2
地点 	 2
推门 	 2
昨晚 	 2
精光 	 2
吵 	 2
不一会 	 2
摇摇晃晃 	 2
剁烂 	 2
一晃 	 2
传到 	 2
报应 	 2
第三 	 2
不可 	 2
软绵绵 	 2
被子 	 2
酸溜溜 	 2
挑夫 	 2
衣角 	 2
哈哈腰 	 2
恭敬 	 2
不必 	 2
叶 	 2
揭开 	 2
肩 	 2
来得 	 2
抽搐 	 2
害 	 2
从此以后 	 2
闪 	 2
还清 	 2
作声 	 2
筷子 	 2
往桌 	 2
鹅养 	 2
发起来 	 2
咝咝 	 2
地产 	 2
踱 	 2
近旁 	 2
割菜 	 2
闭上 	 2
顺着 	 2
高高兴兴 	 2
盆 	 2
风吹 	 2
嫁女 	 2
锣 	 2
笑脸 	 2
不少 	 2
喊完 	 2
从今以后 	 2
陈家 	 2
气死 	 2
肚 	 2
沾满 	 2
脊梁 	 2
池水 	 2
最初 	 2
时刻 	 2
人像 	 2
积 	 2
牙齿 	 2
流出 	 2
甚至 	 2
记忆 	 2
零星 	 2
几点 	 2
这样一来 	 2
无精打采 	 2
削掉 	 2
等于 	 2
别处 	 2
茶壶 	 2
顺眼 	 2
发酸 	 2
落 	 2
地步 	 2
应 	 2
按理说 	 2
眉毛 	 2
好田 	 2
赶上 	 2
错过 	 2
交 	 2
笨鸟先飞 	 2
烂泥巴 	 2
多年 	 2
百 	 2
穿过 	 2
对不起 	 2
满身 	 2
规矩 	 2
雇 	 2
每人 	 2
点点 	 2
心意 	 2
专门 	 2
习惯 	 2
二哈哈腰 	 2
盯 	 2
惦记 	 2
急匆匆 	 2
动身 	 2
娘家 	 2
金黄 	 2
摇来晃去 	 2
珍腿 	 2
晕晕乎乎 	 2
砖瓦 	 2
一心 	 2
庆才 	 2
糊里糊涂 	 2
焦糊 	 2
手帕 	 2
下田 	 2
有点 	 2
绕 	 2
绸店 	 2
铜环 	 2
扣 	 2
打开 	 2
料到 	 2
家伙 	 2
祖坟 	 2
当官 	 2
点头哈腰 	 2
到时候 	 2
腰里 	 2
打中 	 2
握 	 2
一转身 	 2
疯跑 	 2
胡同 	 2
闭错 	 2
枪口 	 2
顶 	 2
北 	 2
炮队 	 2
连里 	 2
福建 	 2
当兵 	 2
共产党 	 2
棉袄 	 2
娃娃兵 	 2
兵 	 2
望望 	 2
炮 	 2
未 	 2
招呼 	 2
走南闯北 	 2
相识 	 2
互相 	 2
哈哈 	 2
几炮 	 2
赌钱 	 2
打炮 	 2
闹着玩 	 2
弹药 	 2
走回 	 2
涌 	 2
前沿 	 2
炊烟 	 2
空中 	 2
刨 	 2
树根 	 2
鞋底 	 2
嗷乱 	 2
人才 	 2
散 	 2
紫 	 2
饼 	 2
精 	 2
生火 	 2
冬天 	 2
爆炸 	 2
烂铁 	 2
分钟 	 2
震 	 2
乱叫 	 2
阵地 	 2
叫声 	 2
紧挨 	 2
心事 	 2
庆坐 	 2
着想 	 2
透 	 2
呜咽 	 2
活人 	 2
倒像 	 2
周围 	 2
转来转去 	 2
冷风 	 2
飞来 	 2
魂来 	 2
答理 	 2
来回 	 2
快点 	 2
副样子 	 2
滩 	 2
钞票 	 2
开枪 	 2
肿 	 2
舌头 	 2
知足 	 2
尸体 	 2
浓烟 	 2
嗓子眼 	 2
叫嚷 	 2
噼噼啪啪 	 2
排出 	 2
高 	 2
腰疼 	 2
天空 	 2
一通 	 2
参加 	 2
糟 	 2
好玩 	 2
报恩 	 2
急冲冲 	 2
男孩 	 2
破破烂烂 	 2
庆转 	 2
庆拉 	 2
细 	 2
跌跌撞撞 	 2
刷刷 	 2
搞 	 2
没收 	 2
动手 	 2
枪毙 	 2
做梦 	 2
关 	 2
直喘气 	 2
硬是 	 2
电 	 2
彻底 	 2
哪怕 	 2
冷气 	 2
该死 	 2
纳鞋底 	 2
福分 	 2
酸疼 	 2
不在乎 	 2
柳枝 	 2
弯曲 	 2
移 	 2
对牛 	 2
歇够 	 2
吃饱 	 2
注意 	 2
晃动 	 2
结束 	 2
安稳 	 2
背后 	 2
十七 	 2
找上门 	 2
死心 	 2
改 	 2
滴 	 2
带走 	 2
劲 	 2
这边 	 2
午饭 	 2
小家伙 	 2
怯生生 	 2
一面 	 2
尖声 	 2
好不 	 2
出手 	 2
庆叫 	 2
开门 	 2
露水 	 2
只得 	 2
手搁 	 2
随即 	 2
忍心 	 2
晚饭 	 2
又哭又闹 	 2
理睬 	 2
揉 	 2
怔住 	 2
庆念 	 2
迟到 	 2
跑回 	 2
来去 	 2
庆穿 	 2
剪 	 2
羊毛 	 2
村长 	 2
排着队 	 2
竖 	 2
好看 	 2
每家 	 2
挥起 	 2
撑死 	 2
牵到 	 2
交给 	 2
抱抱 	 2
开张 	 2
看见 	 2
挨饿 	 2
水似 	 2
跑来跑去 	 2
庆听 	 2
王喜见 	 2
铁皮 	 2
转悠 	 2
前后 	 2
摆手 	 2
看中 	 2
他家 	 2
腾 	 2
松手 	 2
火柴 	 2
加上 	 2
火烧 	 2
灾祸 	 2
汽车 	 2
一锅煮 	 2
上水 	 2
煮肉 	 2
桶底 	 2
馊 	 2
水蒸汽 	 2
跳开 	 2
纸 	 2
轻活 	 2
心上 	 2
轮 	 2
国庆节 	 2
说闲话 	 2
出汗 	 2
往桶 	 2
加 	 2
庆抱 	 2
瞌睡 	 2
火前 	 2
费劲 	 2
巨响 	 2
湿透 	 2
珍扶 	 2
看样子 	 2
那场 	 2
软骨病 	 2
功 	 2
形状 	 2
敲锣打鼓 	 2
包子 	 2
桌前 	 2
散伙 	 2
八分 	 2
四分 	 2
留意 	 2
反抗 	 2
手摸 	 2
咿呀 	 2
窗口 	 2
乡下 	 2
嗓门 	 2
法西斯 	 2
当着 	 2
出丑 	 2
消 	 2
越过 	 2
积蓄 	 2
羊羔 	 2
揣 	 2
看完 	 2
运动会 	 2
街旁 	 2
跑上 	 2
中学 	 2
初中 	 2
没出息 	 2
甩掉 	 2
跑完 	 2
喘气 	 2
大多 	 2
旁人 	 2
四处 	 2
小店 	 2
时有 	 2
分出 	 2
分去 	 2
带到 	 2
兴奋 	 2
你好 	 2
天气 	 2
国家 	 2
愁 	 2
这么一来 	 2
熬粥 	 2
羊牵 	 2
百十 	 2
熬到 	 2
收割 	 2
头羊 	 2
米袋 	 2
通人性 	 2
宰掉 	 2
灾年 	 2
指到 	 2
说错 	 2
原 	 2
明 	 2
咕咚 	 2
明明 	 2
趁 	 2
良心 	 2
拉开 	 2
拿走 	 2
劈 	 2
拦住 	 2
咔嚓 	 2
切 	 2
拐杖 	 2
米藏 	 2
关上门 	 2
闻 	 2
猛 	 2
热气 	 2
冒烟 	 2
前头 	 2
好吃 	 2
擦掉 	 2
突 	 2
麻袋 	 2
阴间 	 2
解 	 2
身子 	 2
病成 	 2
献血 	 2
跑进 	 2
快要 	 2
问问 	 2
黑乎乎 	 2
乱来 	 2
胳膊肘 	 2
长胖 	 2
叹 	 2
小屋 	 2
发慌 	 2
坟前 	 2
甩 	 2
十三 	 2
报信 	 2
珍像 	 2
累成 	 2
说说话 	 2
村西 	 2
坟上 	 2
撒 	 2
插秧 	 2
谈论 	 2
睡错 	 2
眼皮 	 2
瘫 	 2
木匠 	 2
下头 	 2
熄灯 	 2
病倒 	 2
全白 	 2
朝鲜 	 2
邻近 	 2
进门 	 2
深更半夜 	 2
广播 	 2
老人家 	 2
树上 	 2
哧哧 	 2
红扑扑 	 2
飞马牌 	 2
难听 	 2
直笑 	 2
福份 	 2
也好 	 2
条件 	 2
吓死 	 2
相亲 	 2
翘翘 	 2
梳 	 2
过门 	 2
把酒 	 2
破费 	 2
鸡羊 	 2
看上 	 2
辆 	 2
车 	 2
石灰粉 	 2
石灰 	 2
方桌 	 2
周到 	 2
干完 	 2
福气 	 2
白晃晃 	 2
脸盆 	 2
大前门 	 2
多谢 	 2
最好 	 2
盒 	 2
气派 	 2
拉起 	 2
过头 	 2
还好 	 2
黄昏 	 2
青菜 	 2
赶 	 2
教 	 2
毛衣织 	 2
难得 	 2
老昏 	 2
私下里 	 2
厚 	 2
千万 	 2
领头 	 2
女的 	 2
刷 	 2
富农 	 2
三三两两 	 2
眉 	 2
押走 	 2
救救 	 2
煮熟 	 2
吓人 	 2
人命 	 2
黄酒 	 2
听懂 	 2
珍死 	 2
外孙 	 2
蚊帐 	 2
生完 	 2
二喜呜呜 	 2
西北风 	 2
影子 	 2
刺 	 2
葬 	 2
亲手 	 2
安心 	 2
灵 	 2
微微 	 2
孝顺 	 2
截 	 2
太阳 	 2
宁静 	 2
广阔 	 2
跌 	 2
骨碌 	 2
捉 	 2
嗤溜 	 2
认真 	 2
闷 	 2
懒 	 2
歇歇 	 2
箩筐 	 2
铁匠 	 2
小伙伴 	 2
外公 	 2
割下 	 2
母鸡 	 2
摘完 	 2
姜 	 2
汤 	 2
收尸 	 2
牛刀 	 2
牛脚 	 2
合算 	 2
霞光 	 2
吱呀 	 2
黑夜 	 2
前言 	 1
永远 	 1
自私 	 1
多么 	 1
突出 	 1
捍卫 	 1
必须 	 1
付出 	 1
艰辛 	 1
劳动 	 1
时期 	 1
并非 	 1
时时刻刻 	 1
封闭 	 1
置身 	 1
日出 	 1
照亮 	 1
黑暗 	 1
灵感 	 1
长期 	 1
以来 	 1
源出于 	 1
沉湎 	 1
控制 	 1
明确 	 1
感受 	 1
分裂 	 1
纯粹 	 1
希望 	 1
童话 	 1
拥有者 	 1
如果 	 1
两者 	 1
轻微 	 1
与此同时 	 1
力量 	 1
削弱 	 1
事实上 	 1
始终 	 1
需要 	 1
理智 	 1
代替 	 1
冷漠 	 1
面临 	 1
困难 	 1
优秀 	 1
魅力 	 1
蒙上 	 1
虚幻 	 1
色彩 	 1
费解 	 1
相处 	 1
朝夕相处 	 1
蜂拥而来 	 1
诉说 	 1
阴险 	 1
远在 	 1
海角 	 1
换句话说 	 1
友爱 	 1
往往 	 1
作为 	 1
相反 	 1
事实 	 1
则 	 1
触及 	 1
诗人 	 1
人类 	 1
忍受 	 1
解决 	 1
福克纳 	 1
例子 	 1
温和 	 1
途径 	 1
包容 	 1
南方 	 1
历史 	 1
人文 	 1
意义 	 1
文学 	 1
连接 	 1
将来 	 1
说穿 	 1
环境 	 1
固定 	 1
人物 	 1
本人 	 1
写实 	 1
严重 	 1
敌对 	 1
随着 	 1
推移 	 1
平息 	 1
意识 	 1
寻找 	 1
排斥 	 1
道德 	 1
判断 	 1
使命 	 1
发泄 	 1
控诉 	 1
或者 	 1
揭露 	 1
人们 	 1
单纯 	 1
而是 	 1
超然 	 1
善 	 1
恶 	 1
一视同仁 	 1
正是 	 1
心态 	 1
民歌 	 1
歌中 	 1
友好 	 1
对待 	 1
抱怨 	 1
歌 	 1
打动 	 1
决定 	 1
小说 	 1
写人 	 1
能力 	 1
乐观 	 1
过程 	 1
本身 	 1
获得 	 1
游手好闲 	 1
职业 	 1
民间 	 1
知 	 1
充斥 	 1
村舍 	 1
带有 	 1
苦味 	 1
茶桶 	 1
毫无 	 1
顾忌 	 1
漆满 	 1
茶垢 	 1
茶碗 	 1
舀 	 1
水壶 	 1
灌满 	 1
因 	 1
窃窃 	 1
私笑 	 1
扬长而去 	 1
瓜田 	 1
有生以来 	 1
瓜 	 1
告辞 	 1
孕妇 	 1
步履 	 1
艰难 	 1
祖母 	 1
编 	 1
十月 	 1
怀胎 	 1
井水 	 1
压住 	 1
蒸腾 	 1
尝尝 	 1
咸 	 1
咸菜 	 1
男人们 	 1
宽边 	 1
尾巴 	 1
拍打 	 1
散漫 	 1
飞扬 	 1
车轮 	 1
滚滚 	 1
情景 	 1
村子 	 1
讲荤 	 1
故事会 	 1
荤 	 1
故事 	 1
学来 	 1
哭泣 	 1
腹 	 1
悲哀 	 1
更为 	 1
不孝 	 1
支支吾吾 	 1
儿媳 	 1
偷鸡摸狗 	 1
勾当 	 1
赶夜路 	 1
旁照 	 1
照着 	 1
纹丝不动 	 1
轻轻搔痒 	 1
熄灭 	 1
大门 	 1
短裤 	 1
引 	 1
井旁 	 1
殷勤 	 1
窜进 	 1
屡见不鲜 	 1
绿色 	 1
进一步 	 1
旺盛 	 1
谈情说爱 	 1
赏心悦目 	 1
至今 	 1
发光 	 1
河边 	 1
摆弄 	 1
肥硕 	 1
鸭子 	 1
羞怯 	 1
共同 	 1
度过 	 1
炎热 	 1
笑容 	 1
丫子 	 1
藏 	 1
信口开河 	 1
兜售 	 1
游玩 	 1
计划 	 1
又惊又喜 	 1
激昂 	 1
真心实意 	 1
身心 	 1
愉快 	 1
考虑 	 1
哥哥 	 1
逃之夭夭 	 1
否则 	 1
不得不 	 1
妻 	 1
名叫 	 1
天午 	 1
有着 	 1
棉秆 	 1
拔 	 1
抖动 	 1
根须 	 1
摘下 	 1
枕 	 1
背包 	 1
其间 	 1
蚂蚁 	 1
爬到 	 1
沉睡 	 1
弹走 	 1
竹筏 	 1
睡梦 	 1
挣脱 	 1
清晰 	 1
旁田 	 1
或许 	 1
深感 	 1
伫立 	 1
脊背扶犁 	 1
消极 	 1
看家 	 1
化缘 	 1
报晓 	 1
织布 	 1
自古 	 1
知错 	 1
进入 	 1
垂暮 	 1
古板 	 1
耕得 	 1
翻动 	 1
水面 	 1
掀起 	 1
波浪 	 1
旧日 	 1
口依 	 1
引子 	 1
歌词 	 1
路远迢迢 	 1
路途 	 1
自鸣得意 	 1
失声 	 1
放慢 	 1
脚步 	 1
好奇 	 1
扶住 	 1
犁站 	 1
打量 	 1
一番 	 1
神秘 	 1
欲 	 1
止 	 1
牛正 	 1
偷听 	 1
悄声 	 1
起劲 	 1
生动 	 1
欢乐 	 1
游动 	 1
布满 	 1
四十多 	 1
爹常 	 1
锄头恭敬 	 1
身份 	 1
马桶 	 1
野地 	 1
饱嗝 	 1
青蛙 	 1
嫌缸 	 1
沿脏 	 1
屎 	 1
全家人 	 1
嗷嗷叫 	 1
六十多 	 1
有劲 	 1
天色 	 1
罩住 	 1
毕竟 	 1
败落 	 1
工厂 	 1
远近闻名 	 1
阔老爷 	 1
阔少爷 	 1
碰来 	 1
撞去 	 1
线装 	 1
千字文 	 1
爹给 	 1
年过花甲 	 1
准能 	 1
朽木不可雕也 	 1
说对 	 1
徐家仅有 	 1
灭 	 1
断子绝孙 	 1
恭恭敬敬 	 1
半月 	 1
光滑 	 1
透亮 	 1
镜子 	 1
油漆 	 1
风骚 	 1
哼哼哈哈 	 1
挠痒痒 	 1
嫖上 	 1
嫖 	 1
嫖妓 	 1
说白了 	 1
痛快 	 1
钟 	 1
打发 	 1
莫 	 1
属 	 1
累人 	 1
辈 	 1
好四 	 1
前往 	 1
横里 	 1
顶撞 	 1
乐意 	 1
弄掉 	 1
做生意 	 1
生意 	 1
打来 	 1
左躲右藏 	 1
苍蝇 	 1
拍来拍去 	 1
让让 	 1
住爹 	 1
右脚 	 1
动弹 	 1
不得了 	 1
跌坐 	 1
吃喝嫖赌 	 1
浪荡 	 1
单名 	 1
胖胖 	 1
楼 	 1
灯笼 	 1
船上 	 1
河水 	 1
逛街 	 1
黑色 	 1
绸衫站 	 1
柜台 	 1
停下 	 1
脱帽 	 1
近来 	 1
无恙 	 1
松花蛋 	 1
气病 	 1
没气成病 	 1
生病 	 1
身手 	 1
极 	 1
窜到 	 1
逃窜 	 1
收复 	 1
失地 	 1
彩旗 	 1
商店 	 1
青天白日旗 	 1
幅 	 1
门板 	 1
昏昏 	 1
沉沉 	 1
酸臭味 	 1
抬轿子 	 1
跟在 	 1
睡下 	 1
堵 	 1
商会 	 1
会长 	 1
中央 	 1
拍手 	 1
闪到 	 1
夹马 	 1
人群 	 1
小跑 	 1
黑心肠 	 1
频频 	 1
哎唷 	 1
岳父 	 1
大人 	 1
早安 	 1
丢尽 	 1
花花绿绿 	 1
贤惠 	 1
前世 	 1
换来 	 1
逆来顺受 	 1
闹腾 	 1
团 	 1
乱麻 	 1
安分 	 1
斟 	 1
待候 	 1
吃喝 	 1
奇怪 	 1
遇 	 1
左思右想 	 1
蔬菜 	 1
转弯抹角 	 1
软硬不吃 	 1
馋嘴 	 1
开脱 	 1
揭 	 1
老底 	 1
眯 	 1
检点 	 1
麻将 	 1
必 	 1
手饰 	 1
金项圈 	 1
债主们 	 1
暗地里 	 1
老输 	 1
六十 	 1
眼似 	 1
贼亮 	 1
蓝布 	 1
腰板 	 1
笔直 	 1
打盹 	 1
牌桌 	 1
让位 	 1
撩 	 1
赌徒 	 1
青筋 	 1
突暴 	 1
洗牌 	 1
风声 	 1
付牌 	 1
手中 	 1
忽长忽短 	 1
喝醉 	 1
爪子 	 1
泥鳅 	 1
龙二来 	 1
南腔北调 	 1
口音 	 1
简单 	 1
闯荡 	 1
大世面 	 1
同 	 1
柳条箱 	 1
赌局 	 1
赌厅 	 1
二身 	 1
盘 	 1
湿毛巾 	 1
副派 	 1
头像 	 1
饭似 	 1
二一直输 	 1
满不在乎 	 1
眉头 	 1
钉子 	 1
钉 	 1
粗气 	 1
渗 	 1
局 	 1
胜负 	 1
桌面 	 1
占 	 1
泄气 	 1
Ｋ 	 1
Ｑ 	 1
俩 	 1
Ｊ 	 1
抢先 	 1
副牌 	 1
认输 	 1
手推 	 1
作 	 1
揖 	 1
来往 	 1
师傅 	 1
所以 	 1
小钱 	 1
大钱 	 1
蒙在鼓里 	 1
大肚子 	 1
八月 	 1
掷出 	 1
十有八九 	 1
看点 	 1
数嘿嘿 	 1
二摸牌 	 1
摸牌 	 1
骰子龙 	 1
地道 	 1
接连 	 1
叼 	 1
烟卷 	 1
掏钱 	 1
眉开眼笑 	 1
哭丧 	 1
吉利 	 1
听话 	 1
手心 	 1
拜佛 	 1
嘴巴子 	 1
跪到 	 1
珍细声 	 1
细气 	 1
存心 	 1
丑 	 1
拨郎鼓 	 1
没趣 	 1
披散 	 1
赢来 	 1
凸起 	 1
拖到 	 1
大街 	 1
扔开 	 1
恨死 	 1
亮光 	 1
清点 	 1
帐目 	 1
夜路 	 1
孤身 	 1
夜校 	 1
女伴 	 1
拐弯处 	 1
高跟鞋 	 1
石板路 	 1
滴滴答答 	 1
齐齐 	 1
耳根 	 1
陈记 	 1
千金 	 1
媒人 	 1
山坡 	 1
洗脚 	 1
水倒 	 1
眼花 	 1
胃 	 1
臭气 	 1
压上 	 1
平生 	 1
洗手 	 1
千秋 	 1
功业 	 1
买通 	 1
热毛巾 	 1
偷换 	 1
察觉 	 1
完脸 	 1
挖空 	 1
停 	 1
继而 	 1
宽 	 1
宽心 	 1
记上 	 1
猛地 	 1
收回 	 1
帐簿 	 1
签字 	 1
画押 	 1
欠上 	 1
算到 	 1
瘟 	 1
鸡似 	 1
篮豆腐 	 1
喊声 	 1
药渣 	 1
破产 	 1
卸门板 	 1
一端 	 1
老丈人 	 1
呸 	 1
痰 	 1
空空荡荡 	 1
马蜂窝 	 1
打算 	 1
解裤带 	 1
赌气 	 1
死路一条 	 1
野狗 	 1
眼 	 1
一惊一咋 	 1
梳头 	 1
扑嗵 	 1
慌忙 	 1
口吐 	 1
白沫 	 1
捶肩 	 1
上梁不正下梁歪 	 1
捶背 	 1
本钱 	 1
穷光蛋 	 1
门关 	 1
尖声细气 	 1
刀割 	 1
千刀万剐 	 1
爹气冲冲 	 1
剐 	 1
阉 	 1
气昏 	 1
扶到 	 1
吹唢 	 1
呐般 	 1
一声声 	 1
哀声 	 1
接待 	 1
客人 	 1
从床 	 1
起码 	 1
揍个半 	 1
任凭 	 1
还手 	 1
假 	 1
娘身 	 1
胡须 	 1
说不定 	 1
蹦 	 1
冰 	 1
冷到 	 1
爹轻声 	 1
赌债 	 1
自古以来 	 1
低押 	 1
长叹 	 1
钝 	 1
刀子 	 1
死去活来 	 1
院子 	 1
头里 	 1
朝身 	 1
撩起 	 1
货 	 1
地契 	 1
房契 	 1
房地契 	 1
辛苦 	 1
数数 	 1
派头 	 1
送货 	 1
采些 	 1
叶子 	 1
瓜叶 	 1
自找苦吃 	 1
挑去 	 1
请客 	 1
渗出 	 1
哭哭 	 1
散架 	 1
挣下 	 1
千难万难 	 1
道旁 	 1
赤 	 1
裂开 	 1
路边 	 1
长根站 	 1
孤身一人 	 1
酸痛 	 1
往家 	 1
女佣 	 1
蹦蹦跳跳 	 1
指甲 	 1
刮起 	 1
房门口 	 1
饭端 	 1
执着 	 1
房 	 1
灯光 	 1
半明半暗 	 1
泪汪 	 1
汪 	 1
爹慢 	 1
吞吞 	 1
老祖宗 	 1
羊养 	 1
家出 	 1
二来 	 1
抵押 	 1
房产 	 1
财产 	 1
墙基 	 1
爹作揖 	 1
绿油油 	 1
居住 	 1
搬走 	 1
跨出 	 1
天正 	 1
主人 	 1
四下 	 1
里望 	 1
了望 	 1
解开 	 1
爹拉屎 	 1
俯身 	 1
爹斜 	 1
爹动 	 1
动眼皮 	 1
嘶哑 	 1
俯下 	 1
身去 	 1
拳头 	 1
斜躺 	 1
喜问 	 1
喘息 	 1
喜摇 	 1
爹像 	 1
爹嘿嘿 	 1
笑完 	 1
滑到 	 1
珍端 	 1
几声 	 1
出屋 	 1
全掉 	 1
断气 	 1
染上 	 1
瘟疫 	 1
浑身 	 1
无力 	 1
娘常 	 1
活罪 	 1
铁青 	 1
披 	 1
绿 	 1
敲锣 	 1
打鼓拥 	 1
板 	 1
爹坟 	 1
鼓息 	 1
脸转 	 1
今日 	 1
快进屋 	 1
跺 	 1
下脚 	 1
一刀两断 	 1
永不 	 1
往来 	 1
娘喊 	 1
缓 	 1
心狠 	 1
胡来 	 1
转向 	 1
喊道 	 1
轿 	 1
钻进 	 1
轿夫 	 1
往响 	 1
敲响 	 1
手提长衫 	 1
浪子 	 1
缝隙 	 1
刮光 	 1
稀稀 	 1
疏疏 	 1
些许 	 1
白发 	 1
皮肤 	 1
皱成 	 1
起伏 	 1
此刻 	 1
水中 	 1
拍岸 	 1
拍击 	 1
那段 	 1
漫游 	 1
无忧无虑 	 1
张新 	 1
兴致勃勃 	 1
吸引 	 1
绘声绘色 	 1
全盘托出 	 1
相遇 	 1
民谣 	 1
快乐 	 1
期待 	 1
肥沃 	 1
比比皆是 	 1
衣裤 	 1
快耷拉 	 1
空洞 	 1
所剩无几 	 1
混浊 	 1
悲伤 	 1
平静 	 1
泪流而出 	 1
泥路 	 1
粗糙 	 1
擦去 	 1
弹去 	 1
难忘 	 1
衰老 	 1
遇上 	 1
也许 	 1
困苦 	 1
损坏 	 1
往事 	 1
通常 	 1
木讷 	 1
不知所措 	 1
搪塞 	 1
缺乏 	 1
热情 	 1
道听途说 	 1
即便 	 1
自身 	 1
认为 	 1
后辈们 	 1
回想 	 1
重度 	 1
此生 	 1
付样子 	 1
瓦罐 	 1
四分五裂 	 1
头疼 	 1
角时 	 1
格格乱笑 	 1
况且 	 1
珍肚 	 1
值钱 	 1
卖光 	 1
体力活 	 1
亲友 	 1
愿动 	 1
家安 	 1
跟安 	 1
客气 	 1
住在 	 1
幢 	 1
人穷志短 	 1
古话 	 1
找龙 	 1
客厅 	 1
太师 	 1
太师椅 	 1
里动 	 1
泡壶 	 1
后龙二 	 1
救急 	 1
练练 	 1
老相识 	 1
讲点 	 1
交情 	 1
人种 	 1
农活 	 1
租粮 	 1
笨鸟 	 1
累成病 	 1
照料 	 1
花放 	 1
腿边 	 1
留神 	 1
管用 	 1
脚割 	 1
破手 	 1
劲儿 	 1
数落 	 1
回嘴 	 1
不光 	 1
小看 	 1
娘亲 	 1
手织 	 1
磨去 	 1
喜死 	 1
好心 	 1
滑溜溜 	 1
鼻涕 	 1
枯树枝 	 1
破衣褴衫 	 1
叫花子 	 1
家长 	 1
太太 	 1
破落 	 1
走东 	 1
逛西 	 1
放在眼里 	 1
留在 	 1
娘死活 	 1
红绸 	 1
捡来 	 1
之间 	 1
捡稻穗 	 1
龙二一 	 1
收山 	 1
赌场 	 1
无 	 1
见好就收 	 1
落到 	 1
向龙 	 1
二指指凤霞 	 1
问道 	 1
崽子 	 1
直愣 	 1
愣地 	 1
行礼 	 1
捎 	 1
口信 	 1
给取 	 1
捎话 	 1
擦起 	 1
母子 	 1
孙子 	 1
不好 	 1
习俗 	 1
接走 	 1
虚 	 1
呆在 	 1
庆闭 	 1
摇一摇 	 1
挽 	 1
蓝底 	 1
白花 	 1
漂漂亮亮 	 1
油菜花 	 1
蜜蜂 	 1
编草鞋 	 1
光线 	 1
看一看 	 1
撒腿 	 1
终于 	 1
扑到 	 1
珍蹲 	 1
抽泣 	 1
哭得呜呜响 	 1
过家珍 	 1
歇会儿 	 1
出身 	 1
细皮嫩肉 	 1
粗活 	 1
珍脱 	 1
风霞 	 1
照样 	 1
粗粮 	 1
庆苦 	 1
年后 	 1
娘病 	 1
墙滑 	 1
闻到 	 1
煮糊 	 1
哎呀 	 1
娘慌 	 1
站到 	 1
塞到 	 1
理头 	 1
发向 	 1
娘编 	 1
时辰 	 1
碰到 	 1
宁愿 	 1
医术 	 1
公道 	 1
隔壁 	 1
林郎 	 1
老头 	 1
朋友 	 1
路过县 	 1
太爷府 	 1
踮 	 1
溜走 	 1
台阶 	 1
上跌 	 1
烂骨头 	 1
扭打 	 1
瞅 	 1
马车 	 1
灵活 	 1
蠢驴 	 1
头皮 	 1
阵阵 	 1
上前 	 1
本县县 	 1
党国 	 1
出力 	 1
排长 	 1
操 	 1
反而 	 1
烦 	 1
马 	 1
求情 	 1
烦死 	 1
叩头 	 1
下跪 	 1
滚蛋 	 1
端平 	 1
飞起 	 1
划破 	 1
挥动 	 1
伤心地 	 1
结结巴巴 	 1
刚好 	 1
拐进 	 1
送上 	 1
西天 	 1
相像 	 1
安徽 	 1
少掉 	 1
熟悉 	 1
枪声 	 1
逃兵 	 1
抓去 	 1
寒 	 1
抗战 	 1
开拔 	 1
江西 	 1
日本人 	 1
游击队 	 1
撞上 	 1
逃腻 	 1
渡过 	 1
十五六 	 1
江苏人 	 1
架起 	 1
四周一队 	 1
万 	 1
方圆 	 1
二十来 	 1
赶庙会 	 1
土墩 	 1
烟 	 1
来来去去 	 1
黄皮 	 1
某个 	 1
打声 	 1
混过 	 1
个旧 	 1
脏话 	 1
人名 	 1
就是说 	 1
扭脸 	 1
老良 	 1
沮丧 	 1
妈的 	 1
老全得意 	 1
逃成 	 1
会派 	 1
坦克 	 1
开炮 	 1
弟兄 	 1
流血 	 1
送命 	 1
老闲 	 1
反问 	 1
一气之下 	 1
空投 	 1
蚂蚁似 	 1
密密麻麻 	 1
拥来 	 1
拥去 	 1
一箱箱 	 1
保护 	 1
开去 	 1
成群结伙 	 1
远近 	 1
茅屋顶 	 1
半天工夫 	 1
得到 	 1
房梁 	 1
木板 	 1
一条条 	 1
升 	 1
扭来 	 1
扭去 	 1
拆光 	 1
砍光 	 1
刺刀 	 1
枯草 	 1
掘坟 	 1
棺材板 	 1
恶梦 	 1
米倒 	 1
抢米 	 1
投 	 1
改成 	 1
投大饼 	 1
成包 	 1
弟兄们 	 1
娘纳 	 1
野狼 	 1
两样 	 1
方向 	 1
流弹 	 1
饿昏 	 1
按说 	 1
排草 	 1
散开 	 1
各自 	 1
冲向 	 1
看好 	 1
降落伞 	 1
上百 	 1
撞昏 	 1
全身疼 	 1
善良 	 1
饼往 	 1
腰跑 	 1
翻身 	 1
全望 	 1
扒 	 1
反应 	 1
随手 	 1
钢盔 	 1
冻僵 	 1
有的是 	 1
免去 	 1
听惯 	 1
打烂 	 1
更加 	 1
没有用 	 1
冻醒 	 1
飞到 	 1
近处 	 1
炸 	 1
弹 	 1
吵醒 	 1
怒气冲冲 	 1
除非 	 1
饿极 	 1
后方 	 1
天下 	 1
隔 	 1
三时 	 1
倒垃圾 	 1
哭天喊地 	 1
连成一片 	 1
嗷直 	 1
叫喊 	 1
寒气 	 1
直皱眉 	 1
潮水 	 1
地化 	 1
积上 	 1
厚厚 	 1
来救 	 1
丧 	 1
气话 	 1
大部分 	 1
答 	 1
凄凉 	 1
蚊虫 	 1
呻吟 	 1
小调 	 1
静 	 1
长久 	 1
雪化 	 1
横七竖八 	 1
薄薄 	 1
翻翻 	 1
拨拨 	 1
时而 	 1
某 	 1
僵住 	 1
时时呼 	 1
顶住 	 1
滩血 	 1
指缝 	 1
歪到 	 1
老百姓 	 1
绑满 	 1
逃命 	 1
老太婆 	 1
蠢蛋 	 1
飞去 	 1
威风 	 1
撒开 	 1
跳来 	 1
跳去 	 1
逃远 	 1
硝烟 	 1
枪炮 	 1
不明不白 	 1
冤 	 1
何处 	 1
愁眉苦脸 	 1
生米 	 1
重要 	 1
兴许 	 1
找找 	 1
走入 	 1
空气 	 1
硝烟味 	 1
大不了 	 1
黑洞洞 	 1
盼头 	 1
汇入 	 1
柱柱 	 1
冲天 	 1
向着 	 1
同一个 	 1
炸毁 	 1
枪支 	 1
军车 	 1
大白 	 1
北横 	 1
热气腾腾 	 1
直流 	 1
排好队 	 1
自动 	 1
队形 	 1
几百 	 1
猪 	 1
咳嗽声 	 1
咳 	 1
横流 	 1
噎住 	 1
直瞪眼 	 1
中国 	 1
宣布 	 1
前去 	 1
通行证 	 1
上路 	 1
提到 	 1
拔出 	 1
掏出 	 1
跪下 	 1
原本 	 1
可话 	 1
嘴边 	 1
烧饼 	 1
困 	 1
平整 	 1
今生今世 	 1
团聚 	 1
疯疯癫癫 	 1
南面 	 1
渡江 	 1
过不去 	 1
耽搁 	 1
缺摇船 	 1
摇船 	 1
船摇 	 1
往南 	 1
打去 	 1
算算 	 1
深秋 	 1
初秋 	 1
家乡 	 1
砖瓦房 	 1
磕磕绊绊 	 1
庆喊 	 1
回身 	 1
对劲 	 1
门牙 	 1
拥 	 1
自家 	 1
连喊 	 1
折 	 1
泪汪汪 	 1
娘到 	 1
高烧 	 1
再不 	 1
针扎 	 1
仍 	 1
头天 	 1
吹动 	 1
亮晶晶 	 1
改革 	 1
租龙 	 1
楣 	 1
分给 	 1
认帐 	 1
帐 	 1
自找 	 1
人民政府 	 1
恶霸地主 	 1
大牢 	 1
不识时务 	 1
死到临头 	 1
泄 	 1
枪决龙 	 1
事先 	 1
挖好 	 1
附近 	 1
五花大绑 	 1
地押 	 1
人堆 	 1
三枪 	 1
总共 	 1
同村 	 1
报销 	 1
龙二后 	 1
阵冒 	 1
险 	 1
战场 	 1
家龙 	 1
替死鬼 	 1
埋对 	 1
脸蛋白 	 1
青一阵 	 1
真险 	 1
常言道 	 1
大难不死必有后福 	 1
后半截 	 1
该会 	 1
牙 	 1
咬断 	 1
线 	 1
只求 	 1
中断 	 1
移动 	 1
转到 	 1
不由 	 1
高声 	 1
转过 	 1
柳树 	 1
失去 	 1
垂直 	 1
纷乱 	 1
刷动 	 1
掉落 	 1
移进 	 1
圆滚滚 	 1
缓缓 	 1
套 	 1
上犁 	 1
牛老 	 1
背包垫 	 1
长长 	 1
耕动 	 1
水袋 	 1
夕阳西下 	 1
一天天 	 1
不如 	 1
长成 	 1
提亲 	 1
着实 	 1
犹豫 	 1
十二三 	 1
点田 	 1
省 	 1
供有 	 1
庆念书 	 1
扭过头 	 1
珍心 	 1
提起 	 1
顺便 	 1
领养 	 1
碰上 	 1
开点 	 1
到底 	 1
出息 	 1
苦捆 	 1
减掉 	 1
岁数 	 1
捎信 	 1
领凤霞 	 1
总会 	 1
传口信 	 1
夫妻 	 1
改变 	 1
客客气气 	 1
户倒 	 1
拉回 	 1
纽扣 	 1
再见 	 1
当儿 	 1
五十来 	 1
时不时 	 1
拉凤霞 	 1
歪头 	 1
庆瞪 	 1
挠 	 1
珍转 	 1
转去 	 1
庆吓 	 1
省下 	 1
供 	 1
庆嘴 	 1
缩缩 	 1
非揍 	 1
乖乖 	 1
手扶 	 1
脱掉 	 1
蹲在 	 1
拉拉 	 1
好言好语 	 1
对得起 	 1
庆倔劲 	 1
痒 	 1
屋后 	 1
卧 	 1
褪到 	 1
露 	 1
来得及 	 1
气坏 	 1
上揍 	 1
打怕 	 1
饭快 	 1
批评 	 1
动来动去 	 1
听火 	 1
剥 	 1
副哆嗦 	 1
领去 	 1
夜深 	 1
沾湿 	 1
哽住 	 1
止住 	 1
马地 	 1
厚厚的 	 1
茧 	 1
伤痕 	 1
睁眼 	 1
庆翻 	 1
乖 	 1
安静 	 1
声喊 	 1
一早晨 	 1
哀求 	 1
风飕飕 	 1
灌到 	 1
绊 	 1
路灯 	 1
勾住 	 1
全家 	 1
光景 	 1
庆割 	 1
蒙蒙亮 	 1
手提 	 1
跌跌 	 1
冲走 	 1
嚼 	 1
来不及 	 1
五十多 	 1
书念 	 1
庆非 	 1
磨穿 	 1
庆摸 	 1
揪疼 	 1
咧嘴 	 1
警告 	 1
穿鞋 	 1
庆喂 	 1
耽误 	 1
早点 	 1
双鞋 	 1
下雪 	 1
哒往 	 1
手套 	 1
五八 	 1
成立 	 1
全划 	 1
名下 	 1
叫成 	 1
吹口哨 	 1
男男女女 	 1
活派 	 1
分头 	 1
老小 	 1
老太太 	 1
队伍 	 1
来年 	 1
分田 	 1
砸锅 	 1
五下 	 1
掉出 	 1
省出 	 1
共产主义 	 1
抬抬 	 1
鱼 	 1
可惜 	 1
肥肥壮壮 	 1
充公 	 1
盐往 	 1
牛羊 	 1
饲养员 	 1
每户 	 1
长长一队 	 1
晒 	 1
稻谷 	 1
一群群 	 1
飞来似的 	 1
没错 	 1
挨家串门 	 1
喊上 	 1
篮草 	 1
草去 	 1
两头羊 	 1
羊堆 	 1
拱 	 1
满头是汗 	 1
落后 	 1
扑哧 	 1
早归 	 1
屁事 	 1
羊送草 	 1
今晚 	 1
就是了 	 1
送草 	 1
草绳 	 1
风水宝 	 1
躬 	 1
老先生 	 1
一点头 	 1
左右 	 1
珍走 	 1
眯成 	 1
赌光 	 1
抱拳 	 1
孙 	 1
家倒 	 1
大楣 	 1
孙头呜呜 	 1
屋角 	 1
点火 	 1
划燃 	 1
发霉 	 1
卷 	 1
卷袖 	 1
燃 	 1
取油 	 1
百步远 	 1
油倒 	 1
苗子 	 1
黑烟 	 1
滚来滚去 	 1
眼睁睁 	 1
窝没 	 1
孙头可怜 	 1
灰 	 1
四面土墙 	 1
推到 	 1
推给 	 1
买锅 	 1
玩意 	 1
买来 	 1
有理 	 1
一擦一磨 	 1
煮钢 	 1
铁桶 	 1
科学家 	 1
夸奖 	 1
孙头家 	 1
放上 	 1
顶盖 	 1
煮起 	 1
扑扑 	 1
蒸汽 	 1
烫死 	 1
根扁 	 1
担伸 	 1
敲完 	 1
纸屑 	 1
狠 	 1
乱动 	 1
病放 	 1
过上 	 1
劳动力 	 1
旺些 	 1
早早 	 1
接替 	 1
草送 	 1
羊草 	 1
拐 	 1
庆正 	 1
肥料 	 1
肥料田 	 1
问王 	 1
喜时 	 1
腔调 	 1
火发 	 1
负责 	 1
加水 	 1
扇火 	 1
庆捡 	 1
直干 	 1
往里 	 1
指指有庆 	 1
庆轻声 	 1
头闭 	 1
功夫 	 1
睡一会 	 1
不知不觉 	 1
往火 	 1
里加 	 1
轰 	 1
火像 	 1
流成 	 1
水快 	 1
木桶 	 1
打水 	 1
空桶 	 1
走上 	 1
池塘人 	 1
滑倒 	 1
那声 	 1
吓醒 	 1
一点火 	 1
报告 	 1
宅院 	 1
事待 	 1
轮流 	 1
起家 	 1
珍往 	 1
凤背 	 1
脊上 	 1
不再 	 1
嘟哝 	 1
不得 	 1
家立 	 1
丈二 	 1
头脑 	 1
立 	 1
乱七八糟 	 1
铁 	 1
耸 	 1
铁片 	 1
报喜 	 1
造 	 1
台湾 	 1
珍摇 	 1
庆出 	 1
放水 	 1
羊宰 	 1
屋前 	 1
游来荡去 	 1
保住 	 1
性命 	 1
要点 	 1
座 	 1
金山 	 1
仍然 	 1
粒 	 1
人头 	 1
熬过 	 1
记工 	 1
壮 	 1
劳力 	 1
记 	 1
稻田 	 1
一道 	 1
腰来 	 1
虽说站 	 1
时头 	 1
丢掉 	 1
锄草 	 1
锄头柄 	 1
学会 	 1
随口 	 1
说出 	 1
真话 	 1
沉下 	 1
打消 	 1
念头 	 1
后悔 	 1
打骂 	 1
五分钱 	 1
走进 	 1
黑板 	 1
课堂 	 1
冲进 	 1
庆挨 	 1
庆缩 	 1
吓傻 	 1
气头 	 1
尖 	 1
摊上 	 1
倒哭 	 1
围住 	 1
听清 	 1
担收 	 1
得罪 	 1
听完 	 1
错事 	 1
发脾气 	 1
伤透 	 1
进出 	 1
记仇 	 1
家底 	 1
春天 	 1
卖钱 	 1
当天 	 1
城西 	 1
广福桥 	 1
上次 	 1
丢脸 	 1
城 	 1
小羊 	 1
后腿 	 1
母羊 	 1
跑着 	 1
羊割草 	 1
跑出 	 1
名堂 	 1
读到 	 1
摇头晃脑 	 1
丢光 	 1
叫好 	 1
一来 	 1
问身 	 1
庆大 	 1
亲眼 	 1
事情 	 1
大模大样 	 1
争气 	 1
算帐 	 1
按住 	 1
亲亲热热 	 1
进口袋 	 1
庆脸 	 1
糖全 	 1
放到 	 1
三堆糖 	 1
弄到 	 1
庆夸 	 1
运动员 	 1
外国人 	 1
面 	 1
垂下 	 1
背对 	 1
青青 	 1
晴朗 	 1
阴 	 1
雨水 	 1
淹没 	 1
日 	 1
救济 	 1
天无绝人之路 	 1
雨下 	 1
大热天 	 1
一片片 	 1
臭味 	 1
用场 	 1
烂光 	 1
信心 	 1
薄 	 1
坐吃山空 	 1
琢磨 	 1
季 	 1
肥肥 	 1
功劳 	 1
羊少 	 1
庆说 	 1
庆刚 	 1
羊沙沙 	 1
空篮子 	 1
饿坏 	 1
有事 	 1
庆点 	 1
年月 	 1
搭 	 1
礼拜天 	 1
课 	 1
庆跑 	 1
庆心 	 1
找话 	 1
生来 	 1
拐弯 	 1
哭上 	 1
羊拐 	 1
朝城 	 1
挂满 	 1
肉屁 	 1
懒洋洋 	 1
秤 	 1
电线杆 	 1
排到 	 1
米店 	 1
换回 	 1
硬糖 	 1
辛辛苦苦 	 1
甜甜 	 1
放在 	 1
剥开 	 1
糖纸 	 1
忍饥挨饿 	 1
打晃 	 1
好受 	 1
性子 	 1
掺和 	 1
树皮 	 1
挖光 	 1
庆跟 	 1
庆总 	 1
病路 	 1
充饥 	 1
翻过 	 1
烂瓜 	 1
藤 	 1
老凑 	 1
四和 	 1
德事 	 1
挖到 	 1
王四欺 	 1
负 	 1
泥时 	 1
四哇 	 1
哇 	 1
四对 	 1
抢别 	 1
掰 	 1
王四抢 	 1
王四： 	 1
四用 	 1
王四挥 	 1
拿去 	 1
亏心事 	 1
脸红 	 1
砸去 	 1
躲开 	 1
出人命 	 1
跳进 	 1
打疼 	 1
四回 	 1
操起 	 1
骂完 	 1
四抢 	 1
四伸 	 1
王四把 	 1
四双 	 1
拿来 	 1
王四没 	 1
哭丧着脸 	 1
切成 	 1
两半 	 1
救命 	 1
断粮 	 1
拿命 	 1
王四争 	 1
话头 	 1
脾气 	 1
动不动 	 1
慢慢吞吞 	 1
绷起 	 1
松松垮垮 	 1
风里荡来荡去 	 1
跑近 	 1
袋米 	 1
山珍海味 	 1
尝 	 1
喝饱 	 1
轻点 	 1
木销 	 1
半袋 	 1
有庆站 	 1
米香 	 1
飘满 	 1
门后站 	 1
好香 	 1
珍掉 	 1
牙缝 	 1
灶 	 1
添 	 1
外望 	 1
舒 	 1
熬成 	 1
热腾腾 	 1
米粥 	 1
喝完 	 1
大口大口 	 1
吸气 	 1
嘴嫩 	 1
烫出 	 1
小泡 	 1
往外 	 1
叫门 	 1
猜到 	 1
揭锅 	 1
掀 	 1
身关 	 1
上门 	 1
套套 	 1
近乎 	 1
不错 	 1
求上 	 1
小袋子 	 1
米汤 	 1
攥 	 1
珍哭 	 1
叹气 	 1
欠收 	 1
糟踏 	 1
甘心 	 1
墙到 	 1
扫扫 	 1
擦破 	 1
拆拆 	 1
缝缝 	 1
做完 	 1
连针 	 1
油灯 	 1
快睡 	 1
针掉 	 1
拿针 	 1
废人 	 1
吃不消 	 1
流个 	 1
死结 	 1
闭眼 	 1
懂 	 1
心里酸 	 1
时死 	 1
念叨 	 1
舍得 	 1
有用 	 1
祸不单行 	 1
庆快 	 1
成绩 	 1
毕业 	 1
挣工 	 1
跨到 	 1
操场 	 1
过节 	 1
校门 	 1
庆排 	 1
一把把 	 1
遵守 	 1
纪律 	 1
验 	 1
血验 	 1
献 	 1
口罩 	 1
血型 	 1
病人 	 1
再次 	 1
验到 	 1
庆血型 	 1
硬挺 	 1
够用 	 1
叫来 	 1
听筒 	 1
听心 	 1
徐有庆 	 1
乱成一团 	 1
嗡 	 1
嗡乱 	 1
走道 	 1
尽头 	 1
写 	 1
急忙点 	 1
救活 	 1
表示 	 1
砖头 	 1
搭成 	 1
庆有 	 1
活生生 	 1
不通 	 1
教师 	 1
庆是 	 1
抽死 	 1
杀人 	 1
冲到 	 1
病房 	 1
吼完抬脚 	 1
开身 	 1
死死 	 1
跑走 	 1
父亲 	 1
原来 	 1
夺 	 1
抬腿 	 1
哼 	 1
非宰 	 1
前来 	 1
手放 	 1
谁料 	 1
走走停停 	 1
停停 	 1
瞒 	 1
珍好 	 1
抱起 	 1
埋有 	 1
脸贴 	 1
脸像 	 1
冻坏 	 1
冷冰冰 	 1
头顶 	 1
哗啦哗啦 	 1
打湿 	 1
撕 	 1
蒙住 	 1
庆要 	 1
待 	 1
疼疼 	 1
庆躺 	 1
土盖 	 1
天蒙蒙亮 	 1
出工 	 1
门旁 	 1
上课 	 1
昏倒 	 1
病治 	 1
眼角 	 1
淌出 	 1
埋到 	 1
土 	 1
尸骨未寒 	 1
稳 	 1
编些 	 1
泪 	 1
提有 	 1
娘抱 	 1
家门 	 1
腿脚 	 1
东边 	 1
发软 	 1
夜夜 	 1
夜露 	 1
衣领 	 1
通向 	 1
赤脚 	 1
月光照 	 1
丝毫 	 1
想法 	 1
哨兵 	 1
庄稼人 	 1
说话声 	 1
热烈 	 1
身强力壮 	 1
处在 	 1
局外人 	 1
冷清 	 1
陌生 	 1
体格 	 1
有力 	 1
直起 	 1
背捶 	 1
捶 	 1
踏错 	 1
摸错 	 1
嘻嘻一笑 	 1
感激 	 1
身世 	 1
受到 	 1
重视 	 1
显示 	 1
喜悦 	 1
情 	 1
硬往 	 1
灌着 	 1
粥汤 	 1
柴禾 	 1
心直 	 1
砸掉 	 1
成家 	 1
上公社 	 1
卫生院 	 1
算数 	 1
瘦小 	 1
眼镜 	 1
切脉 	 1
边切 	 1
脉边 	 1
翻翻家珍 	 1
手腕 	 1
切住 	 1
弱 	 1
哭光 	 1
像样 	 1
做坟 	 1
庆呆 	 1
她俩 	 1
受罪 	 1
打口 	 1
公款 	 1
娘快 	 1
觉察 	 1
伸开 	 1
劈掉 	 1
侧 	 1
' 	 1
起身 	 1
断断续续 	 1
老怕 	 1
回光返照 	 1
摸来摸去 	 1
熬点 	 1
傻站 	 1
针线活 	 1
下床 	 1
晕 	 1
昏到 	 1
淌 	 1
虚汗 	 1
当上 	 1
春 	 1
转业 	 1
愣住 	 1
庆还 	 1
事故 	 1
怒火 	 1
值 	 1
认准 	 1
比起 	 1
太平 	 1
最新 	 1
最高 	 1
指示 	 1
训话 	 1
平民 	 1
百姓 	 1
关心 	 1
说媒 	 1
踏平 	 1
全好 	 1
跟梨 	 1
熟透 	 1
男婚女嫁 	 1
发呆 	 1
指指点点 	 1
王家 	 1
大红 	 1
田里望去 	 1
整个儿 	 1
红人 	 1
年长 	 1
敬烟 	 1
烟藏 	 1
根烟 	 1
掰开 	 1
场景 	 1
痴痴 	 1
笑坏 	 1
补丁 	 1
鲜艳 	 1
寒碜 	 1
脂粉 	 1
太合 	 1
害羞 	 1
聪明人 	 1
求求 	 1
难找 	 1
比不上 	 1
坐床 	 1
粪 	 1
县城 	 1
搬运工 	 1
粪勺 	 1
若 	 1
床下 	 1
珍笑嘻嘻 	 1
珍笑 	 1
谈 	 1
指指桌 	 1
喝酒 	 1
嫁妆 	 1
亲事 	 1
二喜点 	 1
聘礼 	 1
挑三 	 1
捡四 	 1
珍叹 	 1
摇摆 	 1
粉墙 	 1
一望 	 1
刷墙 	 1
白酒 	 1
东张西望 	 1
草垛子 	 1
眼里 	 1
农闲 	 1
到来 	 1
帮忙 	 1
备 	 1
小方 	 1
桌 	 1
连夜 	 1
背家珍 	 1
珍敲 	 1
垛子 	 1
扎成 	 1
干惯 	 1
麻利 	 1
碍事 	 1
本领 	 1
跑前跑后 	 1
合上 	 1
菜地 	 1
菜刀 	 1
往屋 	 1
喝茶 	 1
两口子 	 1
炒菜 	 1
过后 	 1
墙 	 1
土墙 	 1
粉完 	 1
墙天 	 1
欢喜 	 1
合 	 1
添置 	 1
凡是 	 1
红花 	 1
十几 	 1
大鼓 	 1
擂 	 1
显眼 	 1
披红戴绿 	 1
红红绿绿 	 1
男子 	 1
抢似 	 1
摸索 	 1
喜身 	 1
来人 	 1
卖力 	 1
震天 	 1
鼓鼓的 	 1
糖果 	 1
大手大脚 	 1
扔掉 	 1
敲上 	 1
珍床 	 1
艳福 	 1
西红柿 	 1
个头 	 1
矮 	 1
哗 	 1
哗流 	 1
实心眼 	 1
老回 	 1
魂似 	 1
心慌 	 1
看够 	 1
分掉 	 1
心思 	 1
活动 	 1
问长问短 	 1
舒畅 	 1
处 	 1
捉弄 	 1
天工夫 	 1
糕点 	 1
人手 	 1
男女 	 1
洋气 	 1
二喜一来 	 1
没完 	 1
十来天工夫 	 1
二喜嘿嘿 	 1
老规矩 	 1
三天两头 	 1
在乎 	 1
扫地 	 1
插去 	 1
半天 	 1
手把手 	 1
整条 	 1
密 	 1
衣织 	 1
大拇指 	 1
笑半天 	 1
好话 	 1
新鲜事 	 1
凤霞屋 	 1
地问 	 1
放过 	 1
上床 	 1
尽 	 1
捡便宜 	 1
依 	 1
欠下 	 1
懒汉 	 1
撕掉 	 1
鼓 	 1
枕巾 	 1
阶级 	 1
斗争 	 1
床单 	 1
大风 	 1
大浪 	 1
前进 	 1
避开 	 1
上城 	 1
通知 	 1
三级 	 1
会议 	 1
提心吊胆 	 1
锄头路 	 1
小将 	 1
同志 	 1
油漆筒 	 1
刷上 	 1
全村人 	 1
解放初 	 1
前年 	 1
归西 	 1
资本主义 	 1
道路 	 1
当权派 	 1
进行 	 1
统治 	 1
砸断 	 1
求饶 	 1
出口 	 1
好人 	 1
乡亲 	 1
们 	 1
扭到 	 1
口号 	 1
杀气腾腾 	 1
阻拦 	 1
凶多吉少 	 1
就算 	 1
保 	 1
住命 	 1
缺条 	 1
晃晃悠悠 	 1
肿消 	 1
疼倒 	 1
比疼 	 1
看透 	 1
拳脚 	 1
各种 	 1
帽子 	 1
牌牌 	 1
游街 	 1
走在 	 1
最前头 	 1
竟是 	 1
万岁 	 1
戴红袖章 	 1
打倒 	 1
木牌 	 1
踢出 	 1
洞似 	 1
咚地 	 1
趴在 	 1
打人 	 1
死肉 	 1
任 	 1
用劲 	 1
摔到 	 1
嘴上 	 1
敲醒 	 1
门借 	 1
脸肿 	 1
门外 	 1
嫂子 	 1
披上 	 1
家屋 	 1
告别 	 1
手像 	 1
早死 	 1
命来 	 1
打瘸 	 1
吃力 	 1
起早 	 1
摸黑 	 1
既 	 1
误 	 1
睡上 	 1
几觉 	 1
装装 	 1
难处 	 1
烧水 	 1
推出 	 1
赶回 	 1
竹篮子 	 1
把门 	 1
关上 	 1
珍嘴 	 1
篮里 	 1
倒满 	 1
酒瓶 	 1
抿 	 1
到会 	 1
庆活 	 1
娘死 	 1
哭哭笑笑 	 1
乘凉 	 1
喂饱 	 1
笑笑不作声 	 1
瞅空儿 	 1
债不还清 	 1
红点 	 1
便宜 	 1
窗户 	 1
天快亮 	 1
照应 	 1
推来推去 	 1
通跪 	 1
留得青山在 	 1
不怕没柴烧 	 1
直抖 	 1
氧气瓶 	 1
生下 	 1
大出血 	 1
着落 	 1
这家 	 1
前世有仇 	 1
打在 	 1
沙子 	 1
腰哭 	 1
缩成一团 	 1
黑点 	 1
暖暖身体 	 1
烧开 	 1
水端 	 1
灯熄 	 1
风呼呼 	 1
雪珠子 	 1
门窗 	 1
寒风 	 1
嗖嗖 	 1
跟结 	 1
冰似 	 1
死到 	 1
眼眶 	 1
怎么样 	 1
偶尔 	 1
融化 	 1
整 	 1
湿淋淋 	 1
庆埋 	 1
天上 	 1
刮 	 1
铲子 	 1
湿漉漉 	 1
二喜指 	 1
指紧 	 1
这块 	 1
眼珠子 	 1
瞟来瞟去 	 1
脸旁 	 1
神态 	 1
一模一样 	 1
七下 	 1
遍地 	 1
过完 	 1
心满意足 	 1
报答 	 1
做成 	 1
二喜其实 	 1
粥端 	 1
腾出 	 1
安安静静 	 1
珍胸口 	 1
漏 	 1
即将 	 1
西边 	 1
耀眼 	 1
涂 	 1
红光闪闪 	 1
云层 	 1
西落 	 1
格外 	 1
平平安安 	 1
是非 	 1
语气 	 1
妻子 	 1
涌上 	 1
一股难言 	 1
温情 	 1
摇曳 	 1
遥远处 	 1
波动 	 1
呈现 	 1
舒展 	 1
天边无际 	 1
泛出 	 1
片片 	 1
奇妙 	 1
悲凉 	 1
欣慰 	 1
年头 	 1
今年 	 1
拉满 	 1
货物 	 1
阴沉 	 1
晾 	 1
拉尿 	 1
短 	 1
嗯嗯 	 1
奶 	 1
汗淋淋 	 1
一摇一摇 	 1
装卸 	 1
兜里 	 1
噼辟 	 1
啪啪 	 1
翻脸 	 1
命根子 	 1
大里 	 1
忘掉 	 1
这点 	 1
跌倒 	 1
歪来歪去 	 1
转弯 	 1
手尖声 	 1
孤伶伶 	 1
摔死 	 1
黑前 	 1
牵挂 	 1
住下 	 1
利索 	 1
阔气 	 1
夹死 	 1
一不小心 	 1
磕破 	 1
碰伤 	 1
装水 	 1
泥板 	 1
吊车 	 1
差错 	 1
挤扁 	 1
完整 	 1
血肉 	 1
浆糊 	 1
粘 	 1
临死 	 1
扔起 	 1
疯 	 1
难保 	 1
二喜到头来 	 1
躺死 	 1
亲人 	 1
抬出 	 1
二喜屋 	 1
用具 	 1
轻便 	 1
街口 	 1
热热闹闹 	 1
传 	 1
店 	 1
小面 	 1
糖果店 	 1
五分 	 1
热水 	 1
烫烫脚 	 1
脚疼 	 1
照顾 	 1
入睡 	 1
移到 	 1
尿床 	 1
压着 	 1
翻上 	 1
翻下 	 1
话说 	 1
躺在 	 1
被窝 	 1
热乎乎 	 1
外婆 	 1
舅舅 	 1
坟哭 	 1
包产到户 	 1
半地 	 1
没法 	 1
混在 	 1
活是 	 1
轻些 	 1
得意洋洋 	 1
摸床 	 1
慢点 	 1
叫道 	 1
能说会道 	 1
劲头 	 1
天大 	 1
红红一片 	 1
闪亮 	 1
世时 	 1
羊大 	 1
格格直笑 	 1
多次 	 1
鸡窝 	 1
积够 	 1
一转眼 	 1
急坏 	 1
淋 	 1
一清早 	 1
快摘 	 1
躺一会 	 1
大半 	 1
一拉苦根 	 1
生姜 	 1
粮 	 1
凳 	 1
架子 	 1
小段 	 1
屋叫 	 1
苦根歪 	 1
嚼烂 	 1
忍不住 	 1
拔脚 	 1
听听 	 1
嘴馋 	 1
笨 	 1
蠢 	 1
害死 	 1
老样子 	 1
安安心 	 1
心死 	 1
臭 	 1
气味 	 1
白白 	 1
枕头 	 1
平平常常 	 1
看错 	 1
落魄 	 1
到头来命 	 1
赔 	 1
寿命 	 1
凑够 	 1
伴 	 1
新丰 	 1
市场 	 1
趴 	 1
吧哒 	 1
哒掉 	 1
霍霍 	 1
累死累活 	 1
吃掉 	 1
丰去 	 1
绑住 	 1
磨刀 	 1
刀锋 	 1
哄地 	 1
数一数 	 1
搔搔 	 1
当真 	 1
数钱 	 1
举到 	 1
乱哄哄 	 1
老往 	 1
牛回 	 1
看热闹 	 1
三年 	 1
两三 	 1
足够 	 1
恐怕 	 1
活到 	 1
惊又奇 	 1
牛到 	 1
成员 	 1
美滋滋 	 1
好样 	 1
可人 	 1
羞 	 1
尽心尽力 	 1
远去 	 1
歌声 	 1
空旷 	 1
飘扬 	 1
少年 	 1
中年 	 1
掘藏 	 1
老年 	 1
农舍 	 1
袅袅 	 1
升起 	 1
四射 	 1
消隐 	 1
此起彼伏 	 1
粪桶 	 1
趋向 	 1
模糊 	 1
逐渐 	 1
退去 	 1
转瞬即逝 	 1
从天而降 	 1
袒露 	 1
来临 	 1
